<BackupInst xmlns="http://www.microsoft.com/GroupPolicy/GPOOperations/Manifest"><GPOGuid><![CDATA[{37A336B4-5593-4167-AC4C-D3DA0FC4A42F}]]></GPOGuid><GPODomain><![CDATA[domain.local]]></GPODomain><GPODomainGuid><![CDATA[{30165640-b230-4d4c-9f21-2c1ab90a1385}]]></GPODomainGuid><GPODomainController><![CDATA[DC.domain.local]]></GPODomainController><BackupTime><![CDATA[2024-08-15T14:38:54]]></BackupTime><ID><![CDATA[{B4BA155A-AB98-4943-9610-328DD1EA1C37}]]></ID><Comment><![CDATA[]]></Comment><GPODisplayName><![CDATA[Windows-DisableIPv6]]></GPODisplayName></BackupInst>
